id,Active Date,name,Districts,total Checkouts,total Docks,trips per dock,trips per dock/day,EBS STATION,Co-locate to Transit (at transit =3; <1/4 mi = 2; >1/4 mi = 1),Access to Jobs (Major employment hubs)  (1/4 mi = 3; 1/2 mi = 2; >1/2 = 1),Access to Households  (1/4 mi = 3; 1/2 mi = 2;  >1/2 = 1),Access to low income residents (1/4 mi = 3; 1/2 mi = 2; >1/2 = 1),"Access to Public amenities (libraries, schools, Rec Centers, parks)  (1/4 mi = 3; 1/2 mi = 2; >1/2 = 1)",Bikeable infrastructure (rider saftey)  (1/4 mi = 3; 1/2 mi = 2; >1/2 = 1),Access to retail or entertainment  (1/4 mi = 3; 1/2 mi = 2; >1/2 = 1),Access to existing Bikeshare footprint - 1/4 mi = 3; 1/2 mi = 2; >1/2 = 1,Total Score,name_clean,Kiosk ID,Kiosk Name,Kiosk Status,Location,Address,Alternate Name,City Asset Number,Property Type,Number of Docks,Power Type,Footprint Length,Footprint Width,Notes,Council District,Image,Modified Date,lat,lon,on_UT
36.0,2024-07-24,Barton Springs Pool,8.0,2541.0,11,231.0,0.6416666666666667,,2.0,1.0,1.0,1.0,3.0,2.0,3.0,3.0,17.0,barton springs pool,2572.0,Barton Springs Pool,active,"(30.26452, -97.7712)",2200 William Barton Dr.,,"16,758",parkland,13.0,solar,40.0,5.0,,8.0,,2021 Jan 04 12:00:00 AM,30.26452,-97.7712,0
39.0,2024-11-14,Barton Springs/Azie Morton,9.0,2389.0,15,159.26666666666668,0.44240740740740747,✓,2.0,3.0,2.0,1.0,2.0,2.0,3.0,3.0,20.0,azie morton/barton springs,,,,,,,,,,,,,,,,,30.261881964956064,-97.76897665654796,0
37.0,2024-07-24,Barton Springs/Bouldin@ Palmer Auditorium,9.0,3425.0,15,228.33333333333334,0.6342592592592593,,3.0,2.0,2.0,1.0,3.0,3.0,3.0,3.0,22.0,barton springs/bouldin,,,,,,,,,,,,,,,,,30.25966,-97.753445,0
38.0,2024-11-14,Barton Springs/Kinney,9.0,1982.0,11,180.1818181818182,0.5005050505050506,,3.0,3.0,2.0,1.0,2.0,3.0,3.0,3.0,21.0,barton springs/kinney,2711.0,Barton Springs @ Kinney Ave,active,"(30.262, -97.76118)",1530 Barton Springs Road,,"16,599",sidewalk,16.0,solar,30.0,7.5,2-sided station on pad adjacent to sidewalk in ROW/easement,5.0,,2021 Jan 04 12:00:00 AM,30.262,-97.76118,0
41.0,2024-11-14,Cesar Chavez/Congress,9.0,2711.0,11,246.45454545454547,0.6845959595959596,,3.0,3.0,2.0,1.0,1.0,3.0,2.0,3.0,20.0,cesar chavez/congress,3684.0,Congress & Cesar Chavez,active,"(30.26332, -97.74508)",124 W Cesar Chavez St,,"32,594",parkland,11.0,solar,35.0,5.0,parkland at ROW/easement,9.0,,2021 Jan 04 12:00:00 AM,30.26332,-97.74508,0
42.0,2024-07-24,Dean Keeton/Park Place,9.0,2997.0,15,199.8,0.555,,3.0,3.0,3.0,2.0,1.0,3.0,2.0,3.0,22.0,dean keeton/place,,,,,,,,,,,,,,,,,30.28931,-97.733037,1
87.0,2024-11-14,Dean Keeton/Robert Dedman Dr,1.0,2100.0,11,190.9090909090909,0.5303030303030303,,3.0,3.0,2.0,1.0,1.0,3.0,2.0,3.0,20.0,dean keeton/robert dedman,,,,,,,,,,,,,,,,,30.28785,-97.728541,1
43.0,2024-07-24,Dean Keeton/Speedway,9.0,21964.0,23,1156.0,3.2111111111111112,,3.0,3.0,3.0,2.0,3.0,3.0,2.0,3.0,25.0,dean keeton/speedway,3794.0,Dean Keeton & Speedway,active,"(30.28953, -97.73695)",180 E. Dean Keeton St.,,"32,670",undetermined_parking,19.0,solar,55.0,5.0,,9.0,,2021 Jan 04 12:00:00 AM,30.28953,-97.73695,1
44.0,2024-07-24,Dean Keeton/Whitis,9.0,15820.0,19,832.6315789473684,2.3128654970760234,,3.0,3.0,2.0,2.0,2.0,3.0,2.0,3.0,23.0,dean keeton/whitis,3795.0,Dean Keeton & Whitis,active,"(30.2898, -97.74041)",300 W. Dean Keeton St.,,"32,671",undetermined_parking,19.0,solar,55.0,5.0,,9.0,,2021 Jan 04 12:00:00 AM,30.2898,-97.74041,1
1.0,2024-07-24,E 10th/Red River,9.0,1435.0,15,95.66666666666667,0.2657407407407408,,3.0,3.0,2.0,1.0,1.0,2.0,3.0,3.0,19.0,10/red river,4051.0,10th & Red River,active,"(30.27024, -97.73578)",699 East 10th Street,,"32,686",paid_parking,13.0,solar,40.0,5.0,,1.0,,2021 Jan 04 12:00:00 AM,30.27024,-97.73578,0
3.0,2024-07-26,E 11th/Salina,1.0,853.0,11,77.54545454545455,0.2154040404040404,,2.0,2.0,2.0,2.0,1.0,2.0,2.0,3.0,17.0,11/salina,4055.0,11th & Salina,active,"(30.26638, -97.7214)",1705 E 11th St,,"32,689",nonmetered_parking,13.0,solar,40.0,5.0,,1.0,,2021 Jan 04 12:00:00 AM,30.26638,-97.7214,0
4.0,2024-11-14,E 11th/San Jacinto,9.0,645.0,11,58.63636363636363,0.16287878787878787,,3.0,3.0,2.0,3.0,1.0,3.0,2.0,3.0,21.0,11/san jacinto,3291.0,11th & San Jacinto,active,"(30.27193, -97.73854)",310 E. 11th St.,,"32,503",sidewalk,11.0,solar,35.0,5.0,,1.0,,2021 Jan 04 12:00:00 AM,30.27193,-97.73854,0
45.0,2024-11-14,E 11th/San Marcos,1.0,1924.0,11,174.9090909090909,0.4858585858585859,,3.0,2.0,2.0,2.0,1.0,2.0,3.0,3.0,20.0,11/san marcos,2569.0,East 11th St. & San Marcos,active,"(30.26968, -97.73074)",1001 E. 11th St.,,"16,756",undetermined_parking,11.0,solar,35.0,5.0,,1.0,,2021 Jan 04 12:00:00 AM,30.26968,-97.73074,0
46.0,2024-11-14,E 11th/Waller,1.0,619.0,11,56.27272727272727,0.15631313131313132,,3.0,2.0,2.0,2.0,1.0,3.0,3.0,3.0,20.0,11/waller,,,,,,,,,,,,,,,,,30.26899800040119,-97.72843433423911,0
5.0,2024-07-24,E 12th/San Jacinto @ State Cap Visitors Garage,9.0,660.0,11,60.0,0.16666666666666666,,3.0,3.0,1.0,2.0,1.0,2.0,2.0,3.0,18.0,12/san jacinto,,,,,,,,,,,,,,,,,30.273499,-97.738097,0
6.0,2024-07-24,E 13th/Trinity @ Waterloo Greenway,9.0,1138.0,11,103.45454545454545,0.2873737373737374,,3.0,3.0,1.0,1.0,3.0,3.0,3.0,3.0,21.0,13/trinity,1111.0,13th & Trinity,active,"(30.2741, -97.73666)",910 Trinity Street,,,sidewalk,13.0,solar,,,The Kiosk ID and footprint length & width still need to be revised.,1.0,,2021 Nov 04 02:12:00 PM,30.2741,-97.73666,0
8.0,2024-11-14,E 21st/Speedway @ PCL,9.0,30402.0,17,1788.3529411764705,4.9676470588235295,,2.0,3.0,3.0,2.0,3.0,3.0,2.0,3.0,24.0,21/speedway,3798.0,21st & Speedway @PCL,active,"(30.283, -97.7375)",E. 21st St.,,"32,675",sidewalk,22.0,solar,30.0,7.5,On UT property-2 sided,9.0,,2021 Jan 04 12:00:00 AM,30.283,-97.7375,1
13.0,2024-11-14,E 23rd/San Jacinto @ DKR Stadium,9.0,6803.0,23,295.7826086956522,0.8216183574879228,,3.0,3.0,2.0,2.0,3.0,3.0,2.0,3.0,24.0,23/san jacinto,3799.0,23rd & San Jacinto @ DKR Stadium,active,"(30.2856, -97.7335)",E. 23rd St.,,"32,676",sidewalk,22.0,solar,30.0,7.5,On UT property-2 sided,1.0,,2021 Jan 04 12:00:00 AM,30.2856,-97.7335,1
16.0,2024-07-25,E 2nd/Congress,9.0,4322.0,15,288.1333333333333,0.8003703703703704,,2.0,3.0,2.0,1.0,1.0,3.0,3.0,3.0,20.0,2/congress,2494.0,2nd & Congress,active,"(30.26408, -97.74355)",151 E. 2nd St,,"16,733",paid_parking,15.0,solar,45.0,5.0,,9.0,,2021 Jan 04 12:00:00 AM,30.26408,-97.74355,0
47.0,2024-11-14,E 2nd/Pedernales,3.0,1290.0,11,117.27272727272727,0.32575757575757575,,2.0,2.0,3.0,3.0,1.0,2.0,2.0,3.0,19.0,2/pedernales,3293.0,East 2nd & Pedernales,active,"(30.25542, -97.71665)",2414 E 2nd St,,"16,729",nonmetered_parking,10.0,solar,20.0,15.0,Kiosk replaced by Barton Sp/Riverside.  Old city ID: 32517,3.0,,2021 Jan 04 12:00:00 AM,30.25542,-97.71665,0
48.0,2024-07-30,E 4th/Chicon,3.0,1787.0,19,94.05263157894737,0.26125730994152047,,2.0,2.0,1.0,2.0,3.0,2.0,2.0,3.0,18.0,4/chicon,3292.0,East 4th & Chicon,active,"(30.25987, -97.72373)",1819 East 4th St.,,"32,516",undetermined_parking,9.0,solar,30.0,5.0,,3.0,,2021 Jan 04 12:00:00 AM,30.25987,-97.72373,0
23.0,2024-07-31,E 5th/Neches @ Downtown Station,9.0,4161.0,15,277.4,0.7705555555555554,,3.0,3.0,2.0,1.0,1.0,3.0,3.0,3.0,21.0,5/neches,,,,,,,,,,,,,,,,,30.265843991099903,-97.73891781267969,0
49.0,2024-08-01,E 5th/Broadway,3.0,2354.0,15,156.93333333333334,0.43592592592592594,,3.0,2.0,2.0,2.0,1.0,3.0,2.0,3.0,20.0,5/broadway,2823.0,Capital Metro HQ - East 5th at Broadway,active,"(30.2563, -97.71007)",2910 E 5th St,,"16,684",undetermined_parking,13.0,solar,40.0,5.0,,3.0,,2021 Jan 04 12:00:00 AM,30.2563,-97.71007,0
26.0,2024-07-26,E 6th/Chalmers,3.0,1614.0,11,146.72727272727272,0.40757575757575754,,2.0,2.0,2.0,3.0,1.0,2.0,2.0,3.0,18.0,6/chalmers,4057.0,6th & Chalmers,active,"(30.26269, -97.72438)",639 Chalmers Avenue,,"32,690",paid_parking,13.0,solar,40.0,5.0,,3.0,,2021 Jan 04 12:00:00 AM,30.26269,-97.72438,0
53.0,2024-07-24,E 6th/Chicon,3.0,1338.0,11,121.63636363636364,0.3378787878787879,,2.0,2.0,2.0,2.0,1.0,2.0,3.0,3.0,18.0,6/chicon,,,,,,,,,,,,,,,,,30.259718,-97.723198,0
51.0,2024-07-24,E 6th/Medina,3.0,4299.0,11,390.8181818181818,1.0856060606060607,,2.0,2.0,2.0,2.0,1.0,4.0,3.0,3.0,21.0,6/medina,3660.0,Medina & East 6th,active,"(30.26455, -97.73165)",590 Medina St.,,"16,761",undetermined_parking,11.0,solar,35.0,5.0,,3.0,,2021 Jan 04 12:00:00 AM,30.26455,-97.73165,0
52.0,2024-08-01,E 6th/Pedernales,3.0,2588.0,11,235.27272727272728,0.6535353535353535,,3.0,2.0,2.0,2.0,1.0,2.0,3.0,3.0,20.0,6/pedernales,2544.0,East 6th & Pedernales St.,active,"(30.25895, -97.71475)",2498 E. 6th St.,,"16,738",undetermined_parking,11.0,solar,35.0,5.0,,3.0,,2021 Jan 04 12:00:00 AM,30.25895,-97.71475,0
32.0,2024-07-24,E 8th/Lavaca,9.0,1004.0,7,143.42857142857142,0.3984126984126984,,3.0,3.0,2.0,1.0,1.0,2.0,2.0,3.0,18.0,8/lavaca,4047.0,8th & Lavaca,active,"(30.27059, -97.74441)",750 Lavaca Street,,"32,710",sidewalk,9.0,solar,25.0,5.0,,9.0,,2021 Jan 04 12:00:00 AM,30.27059,-97.74441,0
33.0,2024-07-24,E 8th/Red River,9.0,1495.0,11,135.9090909090909,0.37752525252525254,,3.0,3.0,2.0,1.0,1.0,2.0,3.0,3.0,19.0,8/red river,2571.0,Red River & 8th Street,active,"(30.26854, -97.73646)",761 Red River St.,,"16,760",sidewalk,13.0,solar,40.0,5.0,on pad built in ROW/easement,9.0,,2021 Jan 04 12:00:00 AM,30.26854,-97.73646,0
34.0,2024-11-14,E 8th/Trinity,9.0,1047.0,15,69.8,0.1938888888888889,,3.0,3.0,2.0,1.0,1.0,3.0,2.0,3.0,19.0,8/trinity,,,,,,,,,,,,,,,,,,,0
54.0,2024-07-24,Electric Drive @ Pfluger Ped Bridge,9.0,5449.0,19,286.7894736842105,0.7966374269005848,,2.0,3.0,2.0,1.0,3.0,3.0,3.0,3.0,22.0,electric/pfluger ped,,,,,,,,,,,,,,,,,30.267064,-97.75482,0
55.0,2024-07-24,Guadalupe/West Mall @ University Co-op,9.0,12488.0,15,832.5333333333333,2.3125925925925923,,3.0,3.0,3.0,2.0,2.0,3.0,3.0,3.0,25.0,guadalupe/university co,,,,,,,,,,,,,,,,,30.285664,-97.741792,1
56.0,2024-08-02,Hollow Creek/Barton Hills,5.0,2190.0,11,199.0909090909091,0.553030303030303,,1.0,1.0,3.0,1.0,2.0,2.0,2.0,2.0,16.0,barton hills/hollow creek,4058.0,Hollow Creek & Barton Hills,active,"(30.26139, -97.77234)",1106 Hollow Creek Dr,,"32,685",nonmetered_parking,13.0,solar,40.0,5.0,,5.0,,2021 Jan 04 12:00:00 AM,30.26139,-97.77234,0
57.0,2024-11-14,Lake Austin Blvd/Deep Eddy,10.0,2937.0,11,267.0,0.7416666666666667,,3.0,2.0,2.0,1.0,3.0,3.0,3.0,3.0,22.0,deep eddy/lake austin,3790.0,Lake Austin Blvd @ Deep Eddy,active,"(30.27807, -97.77272)",2401 Lake Austin Blvd,,"32,673",sidewalk,13.0,solar,40.0,5.0,,10.0,,2021 Jan 04 12:00:00 AM,30.27807,-97.77272,0
58.0,2024-11-14,Lakeshore/Lady Bird Ln.,3.0,3865.0,11,351.3636363636364,0.976010101010101,,1.0,2.0,2.0,2.0,3.0,3.0,2.0,1.0,18.0,lady bird/lakeshore,,,,,,,,,,,,,,,,,30.24478312140979,-97.72319224423872,0
59.0,2024-07-30,Lakeshore/Pleasant Valley,3.0,4573.0,15,304.8666666666667,0.8468518518518519,,3.0,2.0,2.0,2.0,2.0,3.0,2.0,1.0,19.0,lakeshore/pleasant valley,4062.0,Lakeshore & Pleasant Valley,active,"(30.24258, -97.71726)",2525 South Lakeshore Boulevard,,"32,711",nonmetered_parking,18.0,solar,55.0,5.0,,3.0,,2021 Jan 04 12:00:00 AM,30.24258,-97.71726,0
60.0,2024-08-01,Nash Hernandez/East @ RBJ South,3.0,4261.0,11,387.3636363636364,1.076010101010101,,3.0,2.0,2.0,3.0,3.0,4.0,2.0,2.0,23.0,nash hernandez/rbj,4059.0,Nash Hernandez @ RBJ South,active,"(30.252, -97.7346)",1316 Festival Beach Rd,,"32,693",nonmetered_parking,13.0,solar,40.0,5.0,,3.0,,2021 Jan 04 12:00:00 AM,30.252,-97.7346,0
61.0,2024-07-24,One Texas Center,9.0,1023.0,15,68.2,0.18944444444444444,,3.0,2.0,1.0,1.0,1.0,3.0,2.0,3.0,17.0,one texas,,,,,,,,,,,,,,,,,30.257653,-97.74898,0
62.0,2024-07-26,Plaza Saltillo	,3.0,5294.0,15,352.93333333333334,0.9803703703703703,,3.0,2.0,2.0,2.0,1.0,3.0,3.0,3.0,21.0,plaza saltillo,2542.0,Plaza Saltillo,active,"(30.26217, -97.72743)",1501 E. 5th St.,,"16,746",sidewalk,12.0,solar,40.0,5.0,on station plaza,3.0,,2021 Jan 04 12:00:00 AM,30.26217,-97.72743,0
63.0,2024-07-24,Rainey/Cummings	,9.0,10327.0,19,543.5263157894736,1.5097953216374267,,2.0,3.0,3.0,2.0,3.0,3.0,3.0,2.0,24.0,cummings/rainey,2707.0,Rainey St @ Cummings,active,"(30.255906, -97.739949)",1 Rainey St,,"16,597",parkland,17.0,solar,50.0,5.0,parkland at ROW/easement,9.0,,2022 Mar 04 10:38:00 AM,30.255906,-97.739949,0
64.0,2024-07-24,Rainey/Driskill,9.0,3260.0,11,296.3636363636364,0.8232323232323233,,2.0,3.0,2.0,2.0,1.0,2.0,3.0,3.0,20.0,driskill/rainey,2563.0,Rainey/Driskill,active,"(30.260814, -97.738086)",698 Davis St,,"16,751",paid_parking,12.0,non-metered,40.0,5.0,,9.0,,2022 Mar 04 08:26:00 AM,30.260814,-97.738086,0
66.0,2024-07-24,Riverside/South Lamar,9.0,7480.0,19,393.6842105263158,1.0935672514619883,,3.0,3.0,3.0,1.0,3.0,3.0,3.0,3.0,25.0,lamar/riverside,2575.0,Riverside @ S. Lamar,active,"(30.26446, -97.75665)",Presented by Austin Parks Foundation,,"16,736",parkland,15.0,solar,45.0,5.0,parkland at ROW/easement,5.0,,2021 Jan 04 12:00:00 AM,30.26446,-97.75665,0
67.0,2024-07-26,Rosewood/Angelina,1.0,801.0,11,72.81818181818181,0.20227272727272727,,3.0,2.0,2.0,2.0,2.0,2.0,2.0,2.0,18.0,angelina/rosewood,4052.0,Rosewood & Angelina,active,"(30.26888, -97.72431)",1153 Angelina Street,,"32,687",nonmetered_parking,13.0,solar,40.0,5.0,,1.0,,2021 Jan 04 12:00:00 AM,30.26888,-97.72431,0
68.0,2024-07-24,S 1st/Riverside @ Long Center,9.0,2947.0,15,196.46666666666667,0.5457407407407407,,3.0,2.0,2.0,1.0,3.0,3.0,3.0,3.0,22.0,1/riverside,,,,,,,,,,,,,,,,,30.259384,-97.749726,0
69.0,2024-07-29,South Congress @ Bouldin Creek,9.0,2227.0,15,148.46666666666667,0.4124074074074074,,3.0,2.0,2.0,1.0,1.0,3.0,3.0,3.0,20.0,bouldin creek/congress,4048.0,South Congress @ Bouldin Creek,active,"(30.25495, -97.74755)",799 South Congress Avenue,,"32,746",undetermined_parking,13.0,solar,40.0,5.0,,9.0,,2021 Jan 04 12:00:00 AM,30.25495,-97.74755,0
70.0,2024-11-14,South Congress/Academy,9.0,1576.0,11,143.27272727272728,0.397979797979798,,3.0,2.0,2.0,1.0,1.0,3.0,3.0,3.0,19.0,academy/congress,2570.0,South Congress & Academy,active,"(30.25226, -97.74854)",1199 S. Congress Ave.,,"16,752",sidewalk,10.0,solar,20.0,7.5,on bulb-out,9.0,,2021 Jan 04 12:00:00 AM,30.25226,-97.74854,0
71.0,2024-07-25,South Congress/Barton Springs,9.0,2727.0,11,247.9090909090909,0.6886363636363636,,3.0,2.0,1.0,1.0,1.0,3.0,3.0,3.0,19.0,barton springs/congress,3513.0,South Congress & Barton Springs at the Austin American-Statesman,active,"(30.25839, -97.74592)",305 S. Congress Ave.,,"16,745",sidewalk,13.0,solar,40.0,5.0,,9.0,,2021 Jan 04 12:00:00 AM,30.25839,-97.74592,0
72.0,2024-07-29,South Congress/Elizabeth,9.0,1411.0,11,128.27272727272728,0.35631313131313136,,3.0,2.0,2.0,1.0,1.0,3.0,3.0,3.0,19.0,congress/elizabeth,2504.0,South Congress & Elizabeth,active,"(30.24891, -97.75019)",101 Elizabeth St. W,,"16,731",undetermined_parking,13.0,solar,40.0,5.0,,9.0,,2021 Jan 04 12:00:00 AM,30.24891,-97.75019,0
73.0,2024-08-02,South Congress/James,9.0,1130.0,7,161.42857142857142,0.4484126984126984,,3.0,2.0,2.0,1.0,1.0,3.0,3.0,3.0,19.0,congress/james,2503.0,South Congress & James,active,"(30.25103, -97.74926)",Presented by The Austin Chronicle,,"16,730",sidewalk,9.0,solar,26.0,7.5,on bulb-out,9.0,,2021 Jan 04 12:00:00 AM,30.25103,-97.74926,0
74.0,2024-07-24,South Congress/Mary,9.0,2120.0,11,192.72727272727272,0.5353535353535354,,3.0,2.0,2.0,1.0,1.0,3.0,3.0,2.0,19.0,congress/mary,0.0,South Congress/Mary,active,"(30.244961, -97.751272)",1901 South Congress Ave.,,0,undetermined_parking,11.0,solar,40.0,10.0,In the gutter,9.0,,2022 Mar 04 09:01:00 AM,30.244961,-97.751272,0
75.0,2024-07-24,Veterans/Atlanta @ MoPac Ped Bridge,9.0,3542.0,19,186.42105263157896,0.5178362573099415,,2.0,3.0,2.0,1.0,1.0,3.0,2.0,3.0,19.0,atlanta/veterans,,,,,,,,,,,,,,,,,30.274475,-97.769892,0
2.0,2024-11-14,W 11th/Congress @ The Texas Capitol,9.0,2179.0,11,198.0909090909091,0.5502525252525252,,3.0,3.0,2.0,1.0,1.0,3.0,3.0,3.0,21.0,11/congress,2497.0,Capitol Station / Congress & 11th,active,"(30.2726, -97.74127)",1090 Congress Ave.,,"16,735",sidewalk,18.0,solar,25.0,7.5,double sided,1.0,,2021 Jan 04 12:00:00 AM,30.2726,-97.74127,0
29.0,2024-07-24,W 16th/San Antonio ,9.0,2803.0,11,254.8181818181818,0.7078282828282828,,2.0,3.0,2.0,1.0,1.0,2.0,2.0,2.0,17.0,16/san antonio,4879.0,16th/San Antonio,active,"(30.27924, -97.74371)",1601 San Antonio Street,,"16,739",paid_parking,12.0,solar,40.0,5.0,,9.0,,2021 Mar 12 01:15:00 PM,30.27924,-97.74371,0
7.0,2024-07-24,W 21st/Guadalupe,9.0,14534.0,11,1321.2727272727273,3.6702020202020202,,3.0,3.0,3.0,2.0,2.0,3.0,3.0,3.0,25.0,21/guadalupe,2547.0,Guadalupe & 21st,active,"(30.28395, -97.74198)",2100 Guadalupe St.,,"16,749",paid_parking,13.0,solar,40.0,5.0,in buffer area parking,9.0,,2021 Jan 04 12:00:00 AM,30.28395,-97.74198,1
9.0,2024-07-24,W 21st/University,9.0,15836.0,19,833.4736842105264,2.3152046783625733,,3.0,3.0,2.0,2.0,3.0,3.0,3.0,3.0,25.0,21/university,3797.0,21st & University,active,"(30.28354, -97.73953)",2007 University Ave.,,"32,674",undetermined_parking,19.0,solar,55.0,5.0,ROW might belong to UT,9.0,,2021 Jan 04 12:00:00 AM,30.28354,-97.73953,1
10.0,2024-11-14,W 22.5/Rio Grande,9.0,8619.0,5,1723.8,4.788333333333333,,3.0,3.0,3.0,2.0,2.0,3.0,3.0,3.0,25.0,225/rio grande,11.0,22nd 1/2 & Rio Grande,active,"(30.2862, -97.74516)",710 W. 22 1/2 St,,,sidewalk,4.0,solar,,,Kiosk ID & footprint length and width to be revised. These are 4 3.0 docks.,9.0,,2021 Nov 04 02:24:00 PM,30.2862,-97.74516,1
11.0,2024-11-14,W 22nd/Pearl,9.0,15374.0,23,809.1578947368421,2.24766081871345,,3.0,3.0,3.0,2.0,2.0,3.0,3.0,3.0,25.0,22/pearl,3792.0,22nd & Pearl,active,"(30.2853, -97.7467)",900 W. 22nd,,"32,669",undetermined_parking,13.0,solar,40.0,5.0,,9.0,,2021 Jan 04 12:00:00 AM,30.2853,-97.7467,1
12.0,2024-07-24,W 23rd/San Gabriel,9.0,18621.0,11,1692.8181818181818,4.702272727272727,,3.0,3.0,3.0,2.0,2.0,3.0,2.0,3.0,24.0,23/san gabriel,111.0,23rd & San Gabriel,active,"(30.2874, -97.7478)",915 W 23rd St,,,paid_parking,13.0,solar,,,Kiosk ID and Footprint length & width to be revised.,9.0,,2021 Nov 04 02:15:00 PM,30.2874,-97.7478,1
14.0,2024-07-24,W 26th/Nueces,9.0,22169.0,13,1705.3076923076924,4.7369658119658125,,3.0,3.0,3.0,2.0,2.0,3.0,2.0,3.0,24.0,26/nueces,3838.0,Nueces & 26th,active,"(30.29068, -97.74292)",600 W. 26th St.,,"16,744",undetermined_parking,13.0,solar,40.0,5.0,,9.0,,2021 Jan 04 12:00:00 AM,30.29068,-97.74292,1
15.0,2024-07-24,W 28th/Rio Grande,9.0,15705.0,7,2243.5714285714284,6.232142857142857,,3.0,3.0,3.0,2.0,2.0,3.0,3.0,3.0,25.0,28/rio grande,3793.0,Rio Grande & 28th,active,"(30.29333, -97.74412)",2717 Rio Grande St.,,"32,668",paid_parking,13.0,solar,40.0,5.0,,9.0,,2021 Jan 04 12:00:00 AM,30.29333,-97.74412,1
17.0,2024-07-24,W 2nd/Lavaca @ City Hall,9.0,4246.0,19,223.47368421052633,0.6207602339181287,,3.0,3.0,2.0,1.0,1.0,3.0,3.0,3.0,21.0,2/lavaca,2499.0,City Hall / Lavaca & 2nd,active,"(30.26476, -97.74678)",Presented by Graves Dougherty Hearon & Moody,,"16,732",sidewalk,19.0,solar,55.0,5.0,check dock #-18?,9.0,,2021 Jan 04 12:00:00 AM,30.26476,-97.74678,0
18.0,2024-07-24,W 3rd/Nueces,9.0,4573.0,11,415.72727272727275,1.15479797979798,,3.0,3.0,2.0,1.0,1.0,3.0,3.0,3.0,21.0,3/nueces,3621.0,Nueces & 3rd,active,"(30.26697, -97.74929)",311 Nueces St.,,"16,742",paid_parking,11.0,solar,35.0,5.0,,9.0,,2021 Jan 04 12:00:00 AM,30.26697,-97.74929,0
20.0,2024-11-14,W 3rd/West,9.0,5279.0,11,479.90909090909093,1.333080808080808,,3.0,3.0,2.0,1.0,2.0,3.0,3.0,3.0,22.0,3,2552.0,3rd & West,active,"(30.2678, -97.75189)",652 W. 3rd St,,"16,727",paid_parking,13.0,solar,40.0,5.0,,9.0,,2021 Jan 04 12:00:00 AM,30.2678,-97.75189,0
21.0,2024-07-25,W 4th/Congress,9.0,3549.0,15,236.6,0.6572222222222222,,3.0,3.0,2.0,1.0,1.0,3.0,3.0,3.0,21.0,4/congress,2495.0,4th & Congress,active,"(30.26634, -97.74378)",120 W. 4th St.,,"16,726",paid_parking,15.0,solar,45.0,5.0,,9.0,,2021 Jan 04 12:00:00 AM,30.26634,-97.74378,0
24.0,2024-07-24,W 5th/Bowie,9.0,4488.0,15,299.2,0.8311111111111111,,2.0,3.0,3.0,1.0,1.0,3.0,3.0,3.0,21.0,5/bowie,2501.0,5th & Bowie,active,"(30.2696, -97.75332)",Presented by Whole Foods Market,,"16,728",paid_parking,15.0,solar,45.0,5.0,,9.0,,2021 Jan 04 12:00:00 AM,30.2696,-97.75332,0
25.0,2024-07-24,W 5th/Campbell,9.0,2567.0,15,171.13333333333333,0.47537037037037033,,3.0,3.0,2.0,1.0,1.0,3.0,3.0,3.0,21.0,5/campbell,4050.0,5th & Campbell,active,"(30.27489, -97.76483)",1611 W 5th St,,"32,745",paid_parking,13.0,solar,40.0,5.0,,9.0,,2021 Jan 04 12:00:00 AM,30.27489,-97.76483,0
92.0,2025-12-21,W 7th/Congress (W 6th/Congress),9.0,5840.0,17,530.9090909090909,1.4747474747474747,✓,3.0,3.0,2.0,1.0,1.0,3.0,3.0,3.0,22.0,7/congress,,,,,,,,,,,,,,,,,30.26822,-97.74285,0
28.0,2024-11-14,W 6th/Lavaca,9.0,1389.0,7,198.42857142857142,0.5511904761904761,,3.0,3.0,2.0,1.0,3.0,2.0,3.0,3.0,21.0,6/lavaca,3294.0,Lavaca & 6th,active,"(30.268887, -97.745242)",601 Lavaca St.,,"32,515",sidewalk,12.0,solar,25.0,8.0,"double sided, remeasure",9.0,,2022 Mar 04 10:21:00 AM,30.268887,-97.745242,0
30.0,2024-07-24,W 6th/West,9.0,1503.0,15,100.2,0.2783333333333333,,3.0,3.0,2.0,1.0,1.0,2.0,3.0,3.0,19.0,6,2537.0,West & 6th St.,active,"(30.27041, -97.75046)",603 West Ave.,,"16,737",undetermined_parking,13.0,solar,40.0,5.0,,9.0,,2021 Jan 04 12:00:00 AM,30.27041,-97.75046,0
31.0,2024-11-14,W 8th/Congress,9.0,1927.0,11,175.1818181818182,0.4866161616161616,,3.0,3.0,2.0,1.0,1.0,3.0,3.0,3.0,21.0,8/congress,2496.0,8th & Congress,active,"(30.2698, -97.74186)",111 E. 8th St.,,"16,725",sidewalk,14.0,solar,20.0,7.5,double sided,9.0,,2021 Jan 04 12:00:00 AM,30.2698,-97.74186,0
35.0,2024-07-24,W 9th/Henderson,9.0,2367.0,11,215.1818181818182,0.5977272727272728,,2.0,3.0,2.0,1.0,1.0,2.0,3.0,3.0,19.0,9/henderson,3685.0,Henderson & 9th,active,"(30.27217, -97.75246)",672 Henderson Street,,"32,593",paid_parking,13.0,solar,40.0,5.0,,9.0,,2021 Jan 04 12:00:00 AM,30.27217,-97.75246,0
76.0,2024-11-14,Zilker Park,8.0,3166.0,15,211.06666666666666,0.5862962962962963,,3.0,1.0,2.0,1.0,3.0,3.0,2.0,3.0,20.0,zilker,2574.0,Zilker Park,active,"(30.2659, -97.76822)",Barton Springs Rd,Zilker Park at Barton Springs and William Burton Drive,"16,759",parkland,17.0,solar,50.0,5.0,parkland at ROW/easement,8.0,,2021 Jan 04 12:00:00 AM,30.2659,-97.76822,0
88.0,2025-03-31,30th/Whitis,3.0,1481.0,11,134.63636363636363,0.7397602397602397,,2.0,1.0,3.0,2.0,3.0,3.0,2.0,3.0,19.0,30/whitis,,,,,,,,,,,,,,,,,30.295427,-97.739347,0
50.0,2025-09-16,E 5th/Shady @ Eastside Bus Plaza,9.0,15.0,11,1.3636363636363635,0.0909090909090909,✓,3.0,1.0,1.0,2.0,1.0,3.0,3.0,3.0,17.0,5/shady,4699.0,East 5th/Shady @ Eastside Bus Plaza,active,"(30.25212, -97.69807)",5104 East 5th. Street,,"32,522",sidewalk,10.0,solar,15.0,10.0,,3.0,,2021 Jul 27 08:25:00 AM,30.25212,-97.69807,0
94.0,2026-01-06,E 7th/Pleasant Valley ,,,11,0.0,0.0,✓,3.0,3.0,1.0,2.0,3.0,1.0,3.0,2.0,18.0,7/pleasant valley,,,,,,,,,,,,,,,,,,,0
91.0,2025-11-12,E 8th/San Jacinto,3.0,,15,0.0,0.0,✓,3.0,3.0,1.0,2.0,3.0,3.0,1.0,3.0,19.0,8/san jacinto,2562.0,San Jacinto & 8th Street,active,"(30.26912, -97.73986)",782 San Jacinto Blvd.,,"16,755",paid_parking,13.0,solar,40.0,5.0,,9.0,,2021 Jan 04 12:00:00 AM,30.26912,-97.73986,0
90.0,2025-11-12,E Cesar Chavez/Pleasant Valley ,9.0,,17,0.0,0.0,✓,3.0,2.0,3.0,3.0,3.0,3.0,2.0,3.0,22.0,cesar chavez/pleasant valley,,,,,,,,,,,,,,,,,30.252951,-97.712467,0
,2026-02-24,Webberville/Neal,2.0,,15,0.0,0.0,✓,3.0,3.0,3.0,3.0,3.0,3.0,1.0,2.0,21.0,neal/webberville,,,,,,,,,,,,,,,,,30.267506,-97.707997,0
22.0,2025-07-03,W 4th/Guadalupe @ Republic Square,9.0,490.0,11,44.54545454545455,0.494949494949495,,3.0,3.0,3.0,2.0,3.0,2.0,3.0,3.0,22.0,4/guadalupe,2550.0,4th/Guadalupe @ Republic Square,active,"(30.267263, -97.747144)",,,,sidewalk,17.0,solar,30.0,5.0,,9.0,,2022 Mar 04 10:28:00 AM,30.267263,-97.747144,0
93.0,2025-12-31,Webberville/Northwestern,1.0,,11,0.0,0.0,,1.0,2.0,3.0,3.0,3.0,3.0,3.0,3.0,21.0,northwestern/webberville,,,,,,,,,,,,,,,,,30.263061,-97.713433,0
